0,1.764506077,1.496714153,2.756988617
0,0.573884095,0.861735699,1.077834676
1,-0.02701348,1.647688538,2.86960592
0,0.016136873,2.523029856,3.355637859
1,1.760371393,0.765846625,2.413434903
1,1.304910355,0.765863043,3.876795813
1,1.025385993,2.579212816,1.226210801
1,0.865420969,1.767434729,0.755345297
0,0.266293323,0.530525614,0.221279751
0,-0.539388467,1.542560044,3.496044311
1,2.479179633,0.536582307,2.654365656
1,0.626590315,0.534270246,1.944415329
0,1.712407869,1.241962272,2.279968626
0,1.924095919,-0.913280245,0.874510953
0,1.108841281,-0.724917833,4.44575198
0,-0.017207957,0.437712471,2.129221182
1,1.267020072,-0.01283112,2.109394795
0,0.424545202,1.314247333,2.725766624
0,-0.570672785,0.091975924,2.481009232
0,0.630527711,-0.412303701,2.223884024
1,0.076441208,2.465648769,1.209525545
0,1.601395931,0.7742237,2.471468357
0,-0.177054016,1.067528205,3.882024496
0,0.401353365,-0.424748186,3.345420046
1,1.038922146,0.455617275,3.593186627
0,0.318241229,1.11092259,1.488784324
0,1.066531147,-0.150993577,1.01039518
1,0.587455583,1.375698018,1.87421308
0,1.289980382,0.39936131,2.055724912
1,-0.512600891,0.70830625,3.094191518
0,0.759442402,0.398293388,0.30753537
1,2.979182675,2.852278185,3.529550319
0,-0.482275345,0.986502775,1.841992101
0,-0.255951401,-0.057710929,1.57311893
1,1.72840452,1.822544912,0.987895625
0,0.733621507,-0.22084365,0.345143328
1,1.274439789,1.208863595,2.823170584
0,0.75489801,-0.959670124,2.073317967
1,1.62994347,-0.328186049,0.7100391
1,2.287999792,1.196861236,0.704921228
1,1.540962172,1.73846658,1.664215301
1,0.579819373,1.171368281,3.669021525
1,1.690558822,0.884351718,1.740408649
0,2.545771481,0.698896304,0.496857047
0,0.21796931,-0.47852199,1.754256936
0,-0.530187764,0.280155792,1.72727643
0,1.860721229,0.539361229,-0.696886643
1,1.015077836,2.057122226,1.945705133
1,-1.101340323,1.34361829,1.76906547
0,1.073669048,-0.763040155,2.696206365
0,-0.217210582,1.324083969,3.848956095
1,0.7290204,0.61491772,3.12656503
0,0.781152345,0.323078,1.731111309
1,1.392972494,1.611676289,0.893474091
0,1.025675691,2.030999522,4.573359803
1,0.671826484,1.931280119,2.059218434
0,0.908050665,0.160782477,2.013929292
0,0.204877629,0.690787624,1.975874913
1,1.755451666,1.331263431,2.198084761
0,1.251809096,1.975545127,1.855639588
0,-0.423629927,0.520825762,1.426337993
1,2.131009792,0.814341023,1.453141059
1,0.332970982,-0.106334974,1.96724673
1,1.727176823,-0.196206624,1.456575229
1,1.54922388,1.812525822,1.287154217
1,2.989516945,2.356240029,2.106430228
0,0.299388967,0.927989878,1.745022783
1,0.588450082,2.003532898,3.503992989
0,0.799093047,1.361636025,-0.650969808
0,-0.007574393,0.354880245,3.091506852
0,1.191124296,1.361395606,3.246085192
1,-0.257467607,2.538036566,-0.073390232
0,-0.515399796,0.964173961,1.657312406
1,0.156926185,2.564643656,1.628559134
0,1.30325313,-1.619745104,0.592488305
0,2.400557819,1.821902504,1.222183312
1,1.040935121,1.087047068,0.889424155
1,0.595108745,0.70099265,3.752270443
0,0.466100283,1.091760777,2.935678393
0,1.325768674,-0.987568915,3.271555095
0,-0.542895926,0.780328112,2.721672064
1,1.416038457,1.357112572,0.870948229
0,1.706493483,2.477894045,1.475479734
0,0.877736984,0.481729782,2.489374561
1,1.24110238,0.191506397,0.777872191
1,1.853703696,0.498242956,2.71299843
0,-2.062656584,1.915402118,1.759674602
1,1.764925922,1.32875111,1.625179192
0,-0.304376123,0.470239796,2.710959968
1,-0.822008237,1.513267433,2.444263311
0,1.068209111,1.097077549,1.639033834
0,1.849840983,1.968644991,3.159329803
1,0.90978649,0.297946906,0.918936672
1,1.837065109,0.672337853,2.615935607
0,1.991558416,0.607891847,2.593101258
0,1.674541265,-0.463514948,1.690453561
0,2.136213007,1.296120277,2.326133022
0,1.422630508,1.261055272,0.748886424
0,0.462548337,1.005113457,2.924027019
1,-0.608176117,0.765412867,1.815097864
1,0.644172668,-0.415370742,1.477276979
1,-0.019110285,0.579354677,3.049009226
0,2.716023609,0.657285483,1.295656309
0,0.399312398,0.197722731,0.591538704
1,1.29087617,0.838714288,0.443370826
0,1.026261919,1.404050857,2.606009951
1,1.373274895,2.886185901,0.719570648
1,2.507196481,1.174577813,3.754794182
1,0.640448636,1.257550391,-0.081929408
0,0.486656898,0.925554084,3.696456368
0,-0.486095334,-0.918771215,2.211017467
0,-0.811248507,0.973486125,1.903286888
0,-0.036697301,1.06023021,1.455080913
1,1.200276922,3.463242112,2.399136114
1,0.551366633,0.807639035,1.962365298
0,-0.291319395,1.301547342,3.103301882
1,-0.424926292,0.96528823,2.114227649
1,0.757748635,-0.168678038,2.150301761
1,-0.324840999,2.142822815,1.636387788
0,1.359809751,1.751933033,1.943054376
1,1.142551377,1.791031947,2.307801769
1,-0.358770029,0.090612545,0.289831607
1,0.989056599,2.402794311,0.651814578
1,0.002760602,-0.401851063,2.743264094
0,0.870986809,1.586857094,2.170865438
0,2.106693848,3.190455626,1.816016664
1,-0.998685242,0.009463675,2.018433933
0,0.502738138,0.43370227,2.347581705
1,0.919119689,1.099651365,1.46024032
0,1.205639755,0.496524346,1.221695275
0,0.507774221,-0.550663431,2.195845255
0,-0.124011018,1.068562975,1.021627222
0,0.00498359,-0.062303714,2.408252756
0,-0.048004345,1.473592431,0.297416396
0,1.350033392,0.080575766,3.029155637
0,0.652814262,2.549934405,2.472597482
0,2.274126749,0.216746708,2.256029734
1,0.781793441,0.677938484,2.982690984
1,0.186680242,1.813517217,3.665474444
0,-1.268188248,-0.230864316,3.014370065
1,-0.565416702,1.227459935,0.159125769
0,-0.799420606,2.307142754,0.720423033
0,0.646706406,-0.607483235,1.375181422
0,1.028532503,1.184633859,2.02609105
0,-1.113368198,1.259882794,2.51765902
1,2.075040825,1.781822872,1.274256187
0,-0.153872794,-0.236950711,2.186766764
0,0.576624958,-0.320456613,1.244617068
1,2.750228853,1.521941566,1.388482197
1,2.09778871,1.296984673,0.593338903
0,0.374114412,1.25049285,1.076766754
1,0.309179038,1.346448209,0.648315394
1,-1.114901621,0.319975278,1.024126747
0,-0.320407607,1.232253697,3.053641797
1,0.939369294,1.293072473,1.050601111
0,-0.829203706,0.285648582,4.632382065
1,1.033870403,2.865774511,2.493317901
1,1.112913757,1.473832921,2.184836124
1,0.733621652,-0.191303497,1.14164222
1,0.344528103,1.656553609,2.700309879
1,1.11893901,0.02531833,1.424362174
0,1.024317285,1.787084604,2.122009815
0,-0.75875189,2.158595579,4.560084538
0,1.821332582,0.179317682,1.9039401
0,0.378191433,1.963376129,3.149273326
1,1.154834339,1.412780927,1.296823575
1,1.813735659,1.82206016,1.96501151
0,0.748959968,2.896792983,3.770800636
0,1.500689842,0.754611884,1.373032942
0,0.50414846,0.246263836,3.812448558
1,0.197880596,0.11048557,2.707751935
0,0.829877863,0.184189715,1.437533224
0,-0.731496318,0.922898291,2.632407739
0,0.530283451,1.341151975,2.97255445
0,0.423736844,1.276690799,2.621809962
1,1.060177292,1.827183249,0.42977528
0,0.462938269,1.013001892,1.272862824
1,-0.681171499,2.453534077,1.752481364
0,-0.072484924,0.735343167,1.925566571
0,0.833571509,3.720169167,2.620672098
0,0.715619252,1.625667348,2.177701001
1,0.031815079,0.142842444,0.664655641
0,1.591880909,-0.070892498,2.380197851
1,0.117816459,1.482472415,2.610585745
0,1.372782988,0.776537215,2.559790448
0,0.881474897,1.714000494,3.080780726
0,-0.191191078,1.473237625,2.833922155
1,2.70919914,0.927171087,2.459180079
0,-0.789513596,0.153206282,1.929834289
0,1.437410268,-0.514847225,0.339039066
0,1.392784078,0.553485048,2.429618219
1,0.409765157,1.856398794,2.207687687
1,2.385280158,1.214093744,2.271578837
1,0.753829632,-0.245738779,0.723251424
0,0.940529486,1.173180926,0.91894346
0,0.677609523,1.38531738,3.053152853
0,0.261693374,0.116142564,1.960444846
0,1.245216516,1.153725106,2.681500697
0,1.297224944,1.058208718,2.028318376
0,-1.391062238,-0.142970298,2.029756139
1,2.232283342,1.35778736,2.938283806
1,-0.531048445,1.560784526,1.483955272
1,2.153468617,2.083051243,2.096120777
1,2.307632893,2.053802052,1.537724711
0,-0.706725638,-0.377669368,1.565503773
0,0.011244764,0.06217496,1.690827877
0,-0.56915728,1.515035267,2.222133772
0,0.406660699,1.513785951,1.521251378
1,0.600421148,1.515047686,3.255756126
1,2.194457833,4.852731491,1.105392698
1,2.40391195,1.570890511,1.813128356
1,2.583009973,2.13556564,1.560268942
0,-0.123479932,1.954001763,3.446977884
0,0.347388908,1.651391251,2.196554777
0,-1.345737341,0.684730755,3.031844539
1,0.448538505,1.75896922,0.514439627
0,1.337718425,0.227174785,2.267050266
0,1.978384478,0.763181393,2.889630796
1,-0.304832293,0.514636452,2.082283989
0,-0.212995368,1.081874139,3.065480375
1,1.278300656,3.314658567,1.48271155
0,0.442856813,-0.867265193,3.40934744
0,-0.500928064,1.68626019,4.298898124
1,1.272720111,-0.612715871,1.63716144
1,0.522857033,0.528068134,1.554497479
0,0.440119122,2.088950597,3.453384477
1,1.365441797,1.064280019,3.579572146
0,0.437503193,-0.077744778,1.477139973
1,0.526791287,0.284696291,1.579813183
1,1.008301269,1.679597749,1.718215391
0,0.487800109,0.269633368,0.655549489
0,0.268187845,1.21645859,1.081348054
1,0.869486567,1.04557184,0.995859233
1,2.613167738,0.348399652,1.232202435
1,1.809172061,3.143944089,1.965315113
0,0.254317082,1.633919022,2.234214733
0,0.840294421,-1.025142587,3.550500493
0,0.310097096,1.186454315,1.001645959
0,1.478240311,0.338213535,2.984322398
0,0.999873928,1.852433335,1.786011156
0,0.300869586,0.207479262,1.95053629
0,0.850284559,0.885263559,2.674819492
1,-0.377945854,1.504987279,0.877277978
0,-0.566641644,1.865755194,2.382409746
0,-0.858416398,-0.200296407,2.166452208
1,1.04102197,0.665498764,2.492451264
0,2.138145875,0.525054689,2.289168644
0,2.405764113,0.346670767,4.45530014
1,1.90685988,2.76545424,1.362260016
1,1.615752223,1.404981711,1.469003045
0,-1.38010699,-0.260883954,1.376859474
1,0.633593346,1.917861947,1.444522881
0,0.011170574,3.122156197,1.362612873
0,-0.140406522,2.032465261,3.189016531
0,0.018808355,-0.519369966,3.420504248
0,0.038721764,0.515765927,1.429253706
1,-0.738595322,2.266911149,1.167644427
1,1.604650087,0.292330534,2.471415556
0,-0.450748824,1.443819428,1.447776956
1,1.256952238,1.774634053,2.632931818
0,2.436490944,0.073069528,2.202923021
1,0.25500566,0.940474644,0.484255885
0,-2.446685748,-2.24126734,3.547505201
1,0.410208912,-0.024387641,3.795877673
0,1.645865873,0.747431849,1.38721131
0,2.352464041,-0.247783182,1.61229844
1,-0.067313953,2.632411304,2.285865391
1,1.289400802,-0.430141378,2.33445679
0,-0.099282323,0.559955513,2.658544273
1,0.67500613,1.130740577,4.010204539
1,3.83626322,2.441273289,1.823052773
0,-1.081997826,-0.435862151,1.201702755
1,1.534694858,2.163163752,0.620680772
1,1.559292666,1.010233061,1.26906996
0,1.469411134,0.018491349,1.966873027
1,0.937325303,1.462103474,3.794557864
0,0.896687985,1.199059696,1.482388701
0,0.00678351,0.399783123,2.223787952
0,0.779903395,1.069802085,1.983577104
1,0.469652421,0.614686403,3.188393273
1,1.351856022,1.113517345,4.526932426
1,0.775244754,1.662130675,1.469131227
0,1.115511803,2.586016816,1.510560557
0,0.212876161,-0.237815499,3.044160877
1,2.299882846,3.133033375,2.68189149
0,0.07878295,-0.9520878,3.846707326
1,-0.863973434,0.848214905,2.583928185
0,1.87820537,1.588317206,1.640707909
0,-0.444363028,1.280991868,2.590654831
0,-0.357616832,0.37730048,3.108703581
1,0.278524234,0.79187775,2.820482181
0,1.751946454,0.506999065,2.507274031
0,-1.831610262,0.410635243,3.06667469
0,3.597871718,1.849602097,3.16929559
0,1.43064765,1.357015486,3.382158991
0,0.561554464,0.307090405,2.648709888
0,0.575372198,1.899599875,1.83288192
1,1.305616527,1.307299521,2.146713686
0,0.97207481,1.812862119,3.206508967
1,1.818544968,1.629628842,1.183064329
1,1.410214931,0.171004989,2.368673309
1,1.068737489,0.43981896,1.606661188
1,0.891526353,1.747293605,2.028744823
1,0.765984477,1.610370265,3.278451863
1,0.778616422,0.979098406,2.191099068
1,2.142630524,1.117327383,2.046436548
0,1.382532137,2.277664896,0.640143859
0,-2.601648237,0.408428611,2.746253566
1,1.643604906,1.547097381,2.645484181
0,0.429299018,0.797807348,4.163254723
1,0.992551468,0.782318797,1.692221765
0,0.219696081,2.098776852,2.219150328
0,1.695623149,1.825416349,2.249383684
1,1.853177868,1.813509636,3.57745328
1,0.395395939,2.305478807,1.904704468
1,1.374844734,1.021003842,2.279021526
0,-0.462400734,1.681952971,2.60789651
1,-0.441410152,0.689733243,2.186609123
1,0.468433531,1.324166352,1.553566385
0,1.321952874,0.869856946,2.194089993
0,1.333414955,1.096995965,3.07363175
0,1.205373077,1.595157025,0.973484701
1,1.608388585,0.181779317,2.132969674
1,1.817767076,3.092387276,1.299879185
0,-0.391841369,-0.006017381,3.195046629
1,1.470470683,-0.214188613,0.476813095
0,1.502760112,2.158110874,1.441078153
1,1.805913084,1.791662694,2.377211875
1,2.073363449,1.624119817,3.565524029
1,1.794205363,1.628345509,1.934249739
1,1.418903525,0.987753227,1.444800473
0,1.269684828,0.102745629,3.881157069
0,0.655246845,1.075804558,0.5519861
0,-0.200342452,0.322838288,-0.198805957
0,0.40342502,1.975119733,2.44001445
1,0.299355822,0.852942618,1.497945776
0,-0.150730833,0.174502803,0.978767183
0,0.229533641,0.678614158,2.708356447
1,0.228708832,1.412931454,2.243800714
0,0.19208273,0.436275447,1.435921369
1,-0.836603185,0.177779604,0.719695601
1,1.135338466,1.243687211,2.872457328
0,0.450723737,1.244966571,2.650201178
0,-0.36788371,0.493056825,1.900824136
1,1.398124223,0.528961694,3.846636996
1,2.094821085,1.232049937,0.929915234
0,-1.09788097,-0.448084341,0.474474829
1,0.148772813,-0.407463774,1.30809193
1,0.147534801,0.281555779,1.954413984
0,-0.49675451,0.786552848,2.243339449
1,1.898057756,1.310907566,1.758763942
0,0.443008189,2.475356217,2.352055397
1,0.977142314,1.857659623,0.748460576
0,-1.694232774,0.84006147,3.443764604
1,1.643309246,0.980983792,1.917848822
0,-0.981932237,-0.002529365,3.117295832
1,1.014900179,0.981486864,2.342725346
0,0.685264274,0.711341361,2.456753219
1,2.329816712,1.32271856,2.56976728
0,-0.96300167,0.172769056,2.44770856
0,-2.534929298,1.519346514,2.64272276
1,1.209275891,2.532738913,3.32915253
0,2.262424936,0.891239852,2.19652117
1,2.200610236,1.401711722,2.709003758
0,0.805927633,1.690143992,1.910264306
0,-0.206814553,0.598779528,3.440117215
1,1.91781946,1.224092482,1.323607698
1,-0.183296991,1.012592401,3.800940433
1,1.493580209,1.097676099,1.959842049
1,1.586957645,0.226990216,0.569224898
0,1.547263522,1.024510174,2.128104415
1,3.902916184,1.497998291,1.318948343
0,0.968141393,2.451143608,2.840643549
1,0.682281623,1.959270826,1.347376021
1,1.260207306,3.153182458,1.553816567
1,-0.632369674,0.232652437,0.110459269
0,-0.034933244,1.872320637,1.547693681
1,0.877159587,1.183342006,-0.423879327
1,0.844307883,3.189802933,0.416097177
0,0.465736599,0.191701715,2.760414656
0,-0.515117477,0.160278158,2.785800159
0,1.495655864,0.400607355,2.425457562
0,0.359494138,-1.123895724,1.033023857
0,0.431227098,0.474244978,1.952288644
0,0.078771333,0.240867338,1.996397461
0,0.813187318,1.150393786,0.841635311
1,1.683841931,1.341755976,3.503398302
0,-0.244810892,2.876170839,2.877362291
1,0.484260053,1.950423838,1.779035826
1,0.621368333,0.423096344,2.026885839
0,-0.980794688,0.101585329,2.208382808
1,0.460941243,1.491919172,-0.041734868
0,-0.107225226,-0.320233207,1.752822617
1,2.152850398,2.831458766,1.318015752
0,1.011042852,2.179440121,0.99837999
1,1.170097801,0.530824348,1.718899707
0,0.998264033,-0.713134529,3.797686527
1,0.950824705,2.353872374,2.640842861
1,1.447298065,0.885460155,1.42882101
1,0.979174187,2.237816312,2.572582781
0,0.448251946,-0.594427659,3.399355437
0,-0.2645474,0.400624977,2.924633683
0,-1.945615073,1.0052437,2.05963037
1,0.951600712,1.046980594,1.353063222
0,1.783029215,0.549934529,2.698223314
0,1.454854589,1.622849932,2.393485385
1,1.738010213,-0.067620429,2.89519322
1,2.140142796,0.857620515,2.635171802
1,0.974545972,1.120295632,3.049552715
1,1.325593834,1.514438834,1.464764788
1,0.307199355,1.711614878,3.317394066
1,0.524415017,-0.124642092,2.197599605
0,0.757052563,-0.534114171,4.075260873
1,2.43167317,2.277676822,1.310812182
1,0.691961474,1.332314012,3.735963803
0,-0.066329821,0.251513463,2.197910783
1,1.251028755,2.551151976,1.348581996
0,1.175595541,1.115674634,1.516114166
1,-0.26471485,2.179297184,1.679652692
0,-1.840644124,1.067518481,2.424165946
1,0.63275821,3.060747925,2.522835488
1,0.041440703,2.755340842,1.426299996
0,-0.03618692,0.751035852,1.975645408
1,0.709922239,1.971570951,4.142270359
0,-0.085312866,1.64537595,3.72754317
1,2.566940578,2.368631558,2.43632367
0,0.703941574,0.035076539,2.038003478
0,0.870758386,1.68605146,2.120031327
1,1.67759225,2.058424487,2.613517973
0,-0.729802322,-0.758739486,0.977207435
1,1.92540016,-0.183258513,1.742623463
1,0.87803685,-1.039232178,0.331415926
0,1.087671712,0.730593166,2.399223123
0,-0.56306485,1.717542256,2.64719594
1,-0.324123717,2.502357052,1.516813538
0,1.138722727,1.07409478,3.573986763
1,1.682872728,2.628615546,0.774234337
0,-0.391518935,-0.380101458,0.53562512
0,-0.593568475,-0.703382439,2.224451819
0,1.490992302,0.944452301,3.047098303
0,-0.846406834,1.384065449,3.683927691
0,2.19574596,0.967305252,1.541115737
0,-0.728840341,-1.0674421,3.078680833
0,1.132065817,0.91087996,1.96149153
0,0.033560066,-0.304469501,1.8273727
0,1.076464496,1.669672549,2.883659937
1,0.42023104,1.366598246,2.652322878
1,0.916106306,0.060120214,0.423607843
1,0.810804664,0.486133083,3.47654035
0,-0.774189835,-0.059213522,3.380091354
1,1.810724011,0.937320903,1.374437298
1,0.556251603,1.955142321,2.395803533
0,0.094430882,0.014273954,2.494030186
1,0.036034735,1.504046516,2.260673766
1,-1.559827738,0.469742382,1.449694846
0,0.293820695,0.207127168,1.328376632
0,2.902432294,0.89296964,1.974445929
1,1.533598133,-0.035242322,3.172729019
0,0.346923161,0.446350695,2.543600155
1,0.63515078,-0.197877893,1.629385668
1,1.167324072,2.964725133,2.771698711
1,1.855868297,1.035263552,-0.848542621
0,-0.896719202,0.300274492,3.1487657
1,2.340803808,1.213979911,0.260286221
1,1.746604745,0.88767195,1.637559059
1,1.82867044,0.7790304,0.880330105
1,1.660479766,1.6141667,0.705318524
0,0.469371931,1.75750771,3.160826787
0,1.165011888,0.469498852,1.532298799
1,1.478524558,0.424181759,2.346503882
0,0.117473778,0.724948303,1.953079421
0,-0.374111147,-1.301921165,2.477040827
1,0.912736715,-0.515191062,2.076821891
1,2.839021451,2.366874267,0.717007776
0,-0.658722954,2.644967714,2.996266819
0,-0.936973307,0.75096396,1.506243417
1,1.40870481,1.576556963,0.443418101
1,1.142269997,1.311250155,1.571884839
0,0.860971232,4.078880808,3.500759791
0,0.777571546,2.119574911,2.850221742
0,0.304361589,0.872082409,1.651347866
1,2.414653168,0.044459559,1.650742296
0,-1.256201033,-0.60644632,1.678364949
0,-0.546917918,1.203463636,4.076747984
0,0.258179814,0.243649255,2.381935452
1,-0.859481891,-0.42225371,2.430041647
0,0.126011529,0.353427116,3.030283454
0,2.002171909,-0.081548004,2.238789159
1,1.246621836,2.687141635,1.740957854
1,1.362279458,1.881639757,1.803650151
0,-0.752211859,0.992027359,1.928398741
1,0.564684641,2.479944139,1.962777763
1,0.544229508,1.077368308,2.727629544
0,0.070074039,0.138715799,2.051945886
1,2.37918776,2.523124077,2.732640077
1,1.634530753,1.538910044,1.91928342
1,-0.247433875,-0.037246154,2.07863519
0,0.958261433,0.809661322,0.001799315
0,0.788100505,0.124381747,2.916327675
0,1.436519012,-0.382799731,2.346488476
0,2.071562581,1.926177548,2.99801011
1,0.401949116,2.90941664,-0.896255378
0,-0.661984939,-0.398567574,4.088374705
1,-0.170650055,1.562969237,1.860410372
0,0.059279639,0.349357431,3.108182817
1,1.535019404,0.512874616,0.960094073
1,1.841087274,0.407606076,2.612773905
1,0.947709391,0.13600923,0.946584437
1,0.763406343,1.048521628,1.376231039
0,0.353975721,0.169049884,3.914031354
0,-0.277754515,1.270456826,1.809317599
0,2.556129702,0.949761891,2.217432873
0,-1.242841849,0.761051953,2.870067731
0,0.516193115,0.092436338,2.495681888
1,2.933695788,0.423228669,2.150418905
1,1.055449223,1.755391226,2.364961002
0,0.088594632,1.500917188,4.403415585
1,0.529547939,0.022444755,1.942381203
0,0.30689022,1.099332305,2.201099047
0,1.835509708,1.751387123,3.050654396
0,-2.012049245,-0.669405281,3.105525933
0,1.953662297,1.543360192,3.187030306
1,-0.581120157,0.337376241,2.638730222
1,0.935339695,1.570598669,0.856995087
0,-0.197474719,0.236740843,3.633431532
1,1.506971924,-0.804882101,0.853654607
1,-0.822263892,-0.627542438,2.302635465
0,1.061143897,1.048084947,1.24572415
1,3.064704001,1.259722502,1.935861653
0,-1.012605112,0.095683375,2.32876241
0,0.729277641,1.638592459,2.321357215
1,0.098835999,-0.661520062,2.421920754
0,0.727443992,0.933920201,3.613711269
0,0.322311973,-0.2110162,2.453534302
0,-0.192271122,0.348163892,1.755843365
1,1.375250972,1.047398671,2.964087168
0,2.068414001,0.139586635,3.189470489
1,0.912944591,0.615444456,0.772392185
1,1.770692244,2.006292809,2.59740007
1,-0.447807637,0.42310813,2.701172742
0,-0.318451681,1.835692112,1.702436497
0,0.694638203,-0.129706855,3.375706813
0,2.068289519,1.529804178,1.849944413
0,1.014423442,2.441568621,2.125576453
0,-0.07243857,-1.4716445,1.826928176
0,0.399106129,0.203104745,2.015579048
1,-0.052643557,1.577072127,0.903724913
0,1.254393272,0.796954614,0.559949117
0,1.234009217,1.371145873,3.594505063
1,0.578244386,0.396014813,1.153038652
0,0.161535536,1.086589787,1.008607651
1,1.496711911,0.844322765,-0.153390114
0,0.274922201,2.167782062,1.361038252
1,1.121431396,1.254420843,0.676910207
0,2.442214326,1.337602662,3.64201516
1,0.582386004,0.588123034,3.009817089
1,0.66670688,0.512393776,1.311849655
0,-0.440442077,0.567441812,4.252435805
1,1.671300861,1.394452142,2.981765487
1,0.806759004,0.579015519,1.675168616
1,0.651951007,1.289774857,-0.499405715
0,1.794387358,3.075400799,4.290942573
1,2.675506228,1.871124703,0.610427533
1,0.558766645,0.673976468,0.354601253
1,-0.84422435,2.201213922,3.022570432
1,1.701562432,0.591924627,4.439752406
0,-0.531621519,-1.038124535,3.384272819
0,1.103654282,-0.008086311,2.56390912
0,-1.744407386,-0.870791921,2.594754342
0,1.246377391,0.648486516,2.853415559
0,-0.802692549,1.018418379,2.75892859
0,1.398424657,2.676437312,2.281191424
0,0.542085114,1.326927374,2.104201104
0,-0.473492867,0.780899471,1.937406872
0,0.281156724,1.829405581,1.246035411
0,0.962150718,-1.211135309,1.719324923
0,0.829873503,1.235614558,0.307043186
0,1.191385125,1.770865194,1.901660373
1,2.915495733,-0.478586246,1.011408893
1,-0.309572472,2.143754043,0.896410683
0,2.137027474,1.338496407,2.179894151
0,0.392657942,0.584712086,3.392002286
0,-0.43441539,1.632781866,2.918316606
1,0.041891336,3.270692858,0.429499396
1,0.95326837,1.181866255,1.010371863
0,1.335936053,1.248220586,2.940771188
1,0.937471413,0.5406391,1.017512606
1,2.433633797,0.150155631,1.77536685
1,-0.416197454,1.830335817,2.550052099
1,1.001939948,0.143916174,1.031655545
0,-0.756619502,1.071566237,2.105375506
0,0.96907183,0.522342553,0.665974505
0,1.518740222,1.478979826,1.398632356
1,0.580973221,1.333662105,2.319781934
1,-1.315820703,2.037539944,0.407006266
0,0.582323589,0.489983601,2.440474738
0,0.905499652,0.730125065,1.980362201
1,1.221720623,0.021236284,2.552489954
0,1.653024659,0.55570674,2.223914134
0,-0.691965438,1.377300493,3.36414043
